{
  "algo": "logreg",
  "use_smote": false,
  "smote_ratio": 0.0,
  "trained_at": "2025-08-08 20:13:54",
  "n_rows": 284807,
  "n_cols": 31,
  "roc_auc_test": 0.9721687370080279,
  "average_precision_test": 0.7159122424484009,
  "features": [
    "Time",
    "V1",
    "V2",
    "V3",
    "V4",
    "V5",
    "V6",
    "V7",
    "V8",
    "V9",
    "V10",
    "V11",
    "V12",
    "V13",
    "V14",
    "V15",
    "V16",
    "V17",
    "V18",
    "V19",
    "V20",
    "V21",
    "V22",
    "V23",
    "V24",
    "V25",
    "V26",
    "V27",
    "V28",
    "Amount"
  ],
  "test_size": 0.2
}